{
  "version": 1,
  "n_train_samples": 1322,
  "n_train_nodes": 171212024,
  "y_mean": [
    29.744281768798828,
    -0.5022801160812378,
    -144.90777587890625
  ],
  "y_std": [
    21.78970718383789,
    9.92908763885498,
    728.4961547851562
  ],
  "x_mean": [
    1.0368598699569702,
    0.5952609777450562,
    -0.007684570271521807,
    0.14178219437599182,
    3.6875505447387695,
    3.4305779933929443,
    3.439194917678833,
    3.5868380069732666,
    3.780268907546997,
    3.4289417266845703,
    3.3130412101745605,
    3.3115856647491455,
    0.01737879030406475,
    14.579034805297852,
    -0.047554727643728256,
    0.4423285722732544,
    0.46775221824645996,
    0.5020140409469604,
    -0.049369268119335175,
    0.3312148451805115,
    0.33855292201042175,
    0.3086339831352234,
    0.2937261760234833,
    0.7851637005805969
  ],
  "x_std": [
    1.5948781967163086,
    1.4179760217666626,
    1.0696901082992554,
    1.2785730361938477,
    1.4422978162765503,
    2.0616750717163086,
    2.1207478046417236,
    2.0554697513580322,
    1.3244096040725708,
    2.0970211029052734,
    2.148346185684204,
    2.1333236694335938,
    0.13067813217639923,
    0.7619059085845947,
    0.06990223377943039,
    0.32425493001937866,
    0.27766668796539307,
    0.21503636240959167,
    0.0984276831150055,
    0.32697823643684387,
    0.29375872015953064,
    0.24273532629013062,
    0.5538632869720459,
    0.5815066695213318
  ]
}